id,first_name,last_name,email,gender,location
1,Axel,McGeady,amcgeady0@ihg.com,Male,Casablanca
2,Arlie,Ritchard,aritchard1@printfriendly.com,Female,Casablanca
3,Rurik,Strathern,rstrathern2@uol.com.br,Male,Casablanca
4,Bart,MacGeffen,bmacgeffen3@un.org,Male,Marrakesh
5,Lydie,McReedy,lmcreedy4@seattletimes.com,Female,Marrakesh
6,Alic,Lowerson,alowerson5@linkedin.com,Male,Casablanca
7,Danell,Ivoshin,divoshin6@cocolog-nifty.com,Female,Marrakesh
8,Scott,Twinterman,stwinterman7@indiegogo.com,Male,Marrakesh
9,Tracie,Dutton,tdutton8@arstechnica.com,Male,Casablanca
10,Tildie,Keep,tkeep9@examiner.com,Female,Casablanca
11,Lynea,Haps,lhapsa@parallels.com,Female,Casablanca
12,Agna,Ditchburn,aditchburnb@furl.net,Female,Casablanca
13,Theodor,Gabbitus,tgabbitusc@lycos.com,Male,Marrakesh
14,Kym,Sparshett,ksparshettd@tmall.com,Female,Casablanca
15,Wenona,Butterly,wbutterlye@army.mil,Female,Casablanca
16,Zineb,bawie,zhawkef@devhub.com,Male,Marrakesh
17,Jackqueline,Hearnaman,jhearnamang@europa.eu,Female,Marrakesh
18,Jo-anne,Windley,jwindleyh@shop-pro.jp,Female,Casablanca
19,Izaak,Trenchard,itrenchardi@businesswire.com,Male,Marrakesh
20,Allayne,Dullingham,adullinghamj@rakuten.co.jp,Male,Marrakesh
21,Sandy,Sefton,sseftonk@fema.gov,Female,Marrakesh
22,Geno,Vinick,gvinickl@homestead.com,Male,Marrakesh
23,Khalil,Drinkwater,kdrinkwaterm@auda.org.au,Male,Marrakesh
24,Sarena,Jereatt,sjereattn@si.edu,Female,Marrakesh
25,Joni,Franck,jfrancko@alibaba.com,Female,Marrakesh
26,Romona,O'Sharry,rosharryp@hp.com,Female,Marrakesh
27,Sol,Fowler,sfowlerq@si.edu,Male,Casablanca
28,Vilma,Crace,vcracer@newyorker.com,Female,Casablanca
29,Gerri,Sutherland,gsutherlands@microsoft.com,Male,Casablanca
30,Claudia,Moran,cmorant@networksolutions.com,Female,Marrakesh
31,Bethanne,Godbolt,bgodboltu@businessinsider.com,Female,Casablanca
32,Harmonie,Renihan,hrenihanv@cnbc.com,Female,Casablanca
33,Laurena,Della,ldellaw@friendfeed.com,Female,Marrakesh
34,Kalinda,Loyd,kloydx@biglobe.ne.jp,Female,Marrakesh
35,Marnia,Moorman,mmoormany@behance.net,Female,Casablanca
36,Geno,Fairpool,gfairpoolz@ucsd.edu,Male,Marrakesh
37,Cinderella,Ciccarello,cciccarello10@mapquest.com,Female,Marrakesh
38,Domenic,Mandy,dmandy11@yale.edu,Male,Marrakesh
39,Barb,Brymner,bbrymner12@sbwire.com,Female,Marrakesh
40,Matthus,Delete,mdelete13@usnews.com,Male,Marrakesh
41,Norton,Whitley,nwhitley14@foxnews.com,Male,Toronto
42,Ilario,Peirson,ipeirson15@geocities.jp,Male,Vancouver
43,Mohammed,Grigorio,mgrigorio16@salon.com,Male,Toronto
44,Catrina,Sholl,csholl17@forbes.com,Female,Montreal
45,Aryn,Arthars,aarthars18@myspace.com,Female,Toronto
46,Inesita,Halwell,ihalwell19@comcast.net,Female,Montreal
47,Brina,Carberry,bcarberry1a@w3.org,Female,Niagara Falls
48,Bing,Moulster,bmoulster1b@dropbox.com,Male,Toronto
49,Cilka,Bernet,cbernet1c@hexun.com,Female,Toronto
50,Stefan,O'Heyne,soheyne1d@marketwatch.com,Male,Mississauga
51,Horten,Brace,hbrace1e@freewebs.com,Male,Toronto
52,Silvanus,Carroll,scarroll1f@networksolutions.com,Male,Vancouver
53,Moyna,Bathowe,mbathowe1g@ftc.gov,Female,Mississauga
54,Merrie,Haughan,mhaughan1h@mayoclinic.com,Female,Toronto
55,Donny,Waterhous,dwaterhous1i@answers.com,Female,Vancouver
56,Harman,Corah,hcorah1j@uol.com.br,Male,Vancouver
57,Sarah,Hicklingbottom,shicklingbottom1k@smh.com.au,Female,Toronto
58,Meghan,Venturoli,mventuroli1l@fc2.com,Female,Toronto
59,Stavros,Henken,shenken1m@ifeng.com,Male,Calgary
60,Ike,Hardstaff,ihardstaff1n@blog.com,Male,Toronto
61,Alair,Skamell,askamell1o@umn.edu,Male,Mississauga
62,Spencer,Cressar,scressar1p@pen.io,Male,Toronto
63,Paloma,Ballchin,pballchin1q@salon.com,Female,Vancouver
64,Lydon,Herreros,lherreros1r@icio.us,Male,Winnipeg
65,Hamlen,Calender,hcalender1s@cornell.edu,Male,Mississauga
66,Zaneta,Jedraszczyk,zjedraszczyk1t@lycos.com,Female,Edmonton
67,Garrett,Batchelar,gbatchelar1u@cisco.com,Male,Toronto
68,Joscelin,Armall,jarmall1v@un.org,Female,Toronto
69,Emery,Jandak,ejandak1w@trellian.com,Male,Red Deer
70,Dinnie,Cantillion,dcantillion1x@netlog.com,Female,Toronto
71,Desi,Dwire,ddwire1y@bloomberg.com,Male,Toronto
72,Cookie,Cristofvao,ccristofvao1z@addtoany.com,Female,Montreal
73,Normand,Franzonello,nfranzonello20@oakley.com,Male,Calgary
74,Mavis,Roderham,mroderham21@fastcompany.com,Female,Toronto
75,Archie,Schoffler,aschoffler22@bing.com,Male,Toronto
76,Guntar,Bramwich,gbramwich23@deviantart.com,Male,Toronto
77,Bret,Mitro,bmitro24@cdc.gov,Male,Mississauga
78,Jefferson,Krzysztofiak,jkrzysztofiak25@cafepress.com,Male,Toronto
79,Danyelle,Baal,dbaal26@facebook.com,Female,Toronto
80,Dela,Macari,dmacari27@exblog.jp,Female,Montreal
81,Bastian,Conville,bconville28@hud.gov,Male,Mississauga
82,Amaleta,Gallehock,agallehock29@abc.net.au,Female,Toronto
83,Cynde,Imbrey,cimbrey2a@cnbc.com,Female,Vancouver
84,Preston,McGilroy,pmcgilroy2b@apache.org,Male,Winnipeg
85,Betsey,Palley,bpalley2c@reverbnation.com,Female,Mississauga
86,Remington,MacDaid,rmacdaid2d@dailymotion.com,Male,Edmonton
87,Bronnie,Jeannet,bjeannet2e@hao123.com,Male,Toronto
88,Zena,Lerwill,zlerwill2f@va.gov,Female,Toronto
89,Jock,Ungerer,jungerer2g@disqus.com,Male,Red Deer
90,Hamilton,Ratter,hratter2h@mozilla.com,Male,Toronto
91,Flor,Burhouse,fburhouse2i@livejournal.com,Female,Toronto
92,Celina,Dwerryhouse,cdwerryhouse2j@microsoft.com,Female,Montreal
93,Dev,Armsby,darmsby2k@soundcloud.com,Male,Calgary
94,Neils,Goodding,ngoodding2l@jugem.jp,Male,Toronto
95,Alyce,Goggins,agoggins2m@hud.gov,Female,Toronto
96,Kirby,Gillis,kgillis2n@friendfeed.com,Male,Toronto
97,Windham,Viscovi,wviscovi2o@bloglines.com,Male,Mississauga
98,Randie,Brisker,rbrisker2p@oakley.com,Male,Toronto
99,Chickie,Malloch,cmalloch2q@patch.com,Female,Toronto
100,Johnnie,Shillaker,jshillaker2r@paypal.com,Male,Mississauga
101,Fernandina,Duplan,fduplan2s@wunderground.com,Female,Toronto
102,Goldia,Pirelli,gpirelli2t@gizmodo.com,Female,Vancouver
103,Nevile,Gabbotts,ngabbotts2u@nydailynews.com,Male,Winnipeg
104,Scottie,Tourner,stourner2v@alexa.com,Male,Mississauga
105,Edlin,MacColl,emaccoll2w@over-blog.com,Male,Edmonton
106,Willdon,Botwood,wbotwood2x@jiathis.com,Male,Toronto
107,Michail,Djokic,mdjokic2y@newyorker.com,Male,Toronto
108,Maddy,Galier,mgalier2z@cisco.com,Female,Red Deer
109,Farly,Mattheis,fmattheis30@furl.net,Male,Toronto
110,Emmery,Ballantine,eballantine31@nymag.com,Male,Toronto
111,Stephan,Kilminster,skilminster32@ucsd.edu,Male,Montreal
112,Kizzie,Maestrini,kmaestrini33@economist.com,Female,Calgary
113,Carolee,Clulee,cclulee34@dropbox.com,Female,Toronto
114,Nancey,Cornehl,ncornehl35@apple.com,Female,Toronto
115,Rahel,Chalkly,rchalkly36@nymag.com,Female,Toronto
116,Janenna,Gilli,jgilli37@patch.com,Female,Mississauga
117,Ruby,Schubuser,rschubuser38@vistaprint.com,Female,Toronto
118,Prentice,Yegorshin,pyegorshin39@bluehost.com,Male,Toronto
119,Henka,Toomey,htoomey3a@ameblo.jp,Female,Toronto
120,Ozzy,Shoebridge,oshoebridge3b@fema.gov,Male,Mississauga
121,Atlanta,O'Reilly,aoreilly3c@etsy.com,Female,Casablanca
122,Sande,Torrie,storrie3d@meetup.com,Female,Casablanca
123,Tasha,Coughan,tcoughan3e@prnewswire.com,Female,Casablanca
124,Rice,Havoc,rhavoc3f@weebly.com,Male,Marrakesh
125,Teddie,Bryant,tbryant3g@acquirethisname.com,Female,Casablanca
126,Rockwell,Robertucci,rrobertucci3h@dell.com,Male,Casablanca
127,Annnora,Corday,acorday3i@hexun.com,Female,Marrakesh
128,Daveta,Cogger,dcogger3j@blogtalkradio.com,Female,Marrakesh
129,Matias,Chataignier,mchataignier3k@globo.com,Male,Casablanca
130,Adelheid,Lodewick,alodewick3l@nymag.com,Female,Marrakesh
131,Thorin,Cool,tcool3m@tripadvisor.com,Male,Marrakesh
132,Maryrose,Stacey,mstacey3n@tripod.com,Female,Marrakesh
133,Alwyn,Woodburne,awoodburne3o@amazon.de,Male,Marrakesh
134,Harriett,Andrysek,handrysek3p@ehow.com,Female,Marrakesh
135,Valeda,Kenderdine,vkenderdine3q@goodreads.com,Female,Toronto
136,Frasquito,Ipsly,fipsly3r@posterous.com,Male,Vancouver
137,Kory,Raddan,kraddan3s@ucoz.ru,Male,Toronto
138,Felipe,Grigorini,fgrigorini3t@photobucket.com,Male,Montreal
139,Monah,Grenshiels,mgrenshiels3u@google.pl,Female,Toronto
140,Chloe,Brenton,cbrenton3v@tamu.edu,Female,Montreal
141,Montague,Lamp,mlamp3w@t-online.de,Male,Niagara Falls
142,Felipe,Tejero,ftejero3x@pbs.org,Male,Toronto
143,Nicky,Kendrew,nkendrew3y@simplemachines.org,Female,Toronto
144,Datha,McGourty,dmcgourty3z@npr.org,Female,Mississauga
145,Tobiah,Filinkov,tfilinkov40@bloomberg.com,Male,Toronto
146,Dorie,Melchior,dmelchior41@com.com,Female,Vancouver
147,Pavel,McTeague,pmcteague42@geocities.com,Male,Mississauga
148,Rainer,Ronchka,rronchka43@msn.com,Male,Toronto
149,Wilie,Glanester,wglanester44@omniture.com,Female,Vancouver
150,Shandie,Hagland,shagland45@goo.ne.jp,Female,Vancouver
151,Arabele,Lapping,alapping46@gnu.org,Female,Toronto
152,Tandy,Beric,tberic47@wordpress.org,Female,Toronto
153,Tabb,Crosdill,tcrosdill48@networksolutions.com,Male,Calgary
154,Goldie,Braidwood,gbraidwood49@psu.edu,Female,Toronto
155,Patten,Hearson,phearson4a@jimdo.com,Male,Mississauga
156,Jodi,Davidesco,jdavidesco4b@npr.org,Male,Toronto
157,Ronda,Persent,rpersent4c@moonfruit.com,Female,Vancouver
158,Randal,Ibberson,ribberson4d@paginegialle.it,Male,Winnipeg
159,Harland,Gunthorp,hgunthorp4e@quantcast.com,Male,Mississauga
160,Inge,Dunning,idunning4f@fastcompany.com,Female,Edmonton
161,Basilius,Gatesman,bgatesman4g@imageshack.us,Male,Toronto
162,Matty,Morton,mmorton4h@constantcontact.com,Male,Toronto
163,Amaleta,Kinnin,akinnin4i@cnn.com,Female,Red Deer
164,Jasmina,McCanny,jmccanny4j@princeton.edu,Female,Toronto
165,Dionisio,Kindell,dkindell4k@examiner.com,Male,Toronto
166,Sorcha,Probyn,sprobyn4l@opensource.org,Female,Montreal
167,Kalie,Dayce,kdayce4m@booking.com,Female,Calgary
168,Micki,Kobpac,mkobpac4n@163.com,Female,Toronto
169,Tressa,Brailey,tbrailey4o@macromedia.com,Female,Toronto
170,Hank,Scanlon,hscanlon4p@amazon.co.jp,Male,Toronto
171,Gawen,Middup,gmiddup4q@lulu.com,Male,Mississauga
172,Sansone,Creaney,screaney4r@newyorker.com,Male,Toronto
173,Sloan,Gonin,sgonin4s@comsenz.com,Male,Toronto
174,Starr,Cotterell,scotterell4t@mit.edu,Female,Montreal
175,Karina,Kinghorne,kkinghorne4u@themeforest.net,Female,Mississauga
176,Giselle,Gronou,ggronou4v@desdev.cn,Female,Toronto
177,Basile,Wolfenden,bwolfenden4w@ning.com,Male,Vancouver
178,Parsifal,Kellington,pkellington4x@washington.edu,Male,Winnipeg
179,Patin,Maccrie,pmaccrie4y@deviantart.com,Male,Mississauga
180,Alonso,Harrald,aharrald4z@cdbaby.com,Male,Edmonton
181,Evin,Lowrie,elowrie50@engadget.com,Male,Toronto
182,Sal,De Antoni,sdeantoni51@ebay.com,Female,Toronto
183,Noni,Linger,nlinger52@odnoklassniki.ru,Female,Red Deer
184,Ann-marie,Schwanden,aschwanden53@storify.com,Female,Toronto
185,Shayne,Donativo,sdonativo54@networkadvertising.org,Male,Toronto
186,Kira,St Ange,kstange55@nifty.com,Female,Montreal
187,Ciel,Finding,cfinding56@bloglovin.com,Female,Calgary
188,Gibby,Pele,gpele57@digg.com,Male,Toronto
189,Rickert,Eriksson,reriksson58@howstuffworks.com,Male,Toronto
190,Patti,McDonogh,pmcdonogh59@hexun.com,Female,Toronto
191,Valentine,Thal,vthal5a@prnewswire.com,Female,Mississauga
192,Kingsly,Andreuzzi,kandreuzzi5b@pcworld.com,Male,Toronto
193,Deborah,Croisdall,dcroisdall5c@addtoany.com,Female,Toronto
194,Augustine,Crommett,acrommett5d@spiegel.de,Male,Mississauga
195,Leonhard,de Verson,ldeverson5e@spotify.com,Male,Toronto
196,Helaine,Poone,hpoone5f@networkadvertising.org,Female,Vancouver
197,Timothee,Arnaud,tarnaud5g@networkadvertising.org,Male,Winnipeg
198,Jamison,Pesic,jpesic5h@woothemes.com,Male,Mississauga
199,Sher,Joselin,sjoselin5i@google.ru,Female,Edmonton
200,Zebulon,O'Feeney,zofeeney5j@scientificamerican.com,Male,Toronto
201,Jonathan,Rivett,jrivett5k@npr.org,Male,Toronto
202,Genevra,Bagg,gbagg5l@ucoz.com,Female,Red Deer
203,Woody,Benka,wbenka5m@senate.gov,Male,Toronto
204,Leicester,Goodings,lgoodings5n@vistaprint.com,Male,Toronto
205,Ariel,Lepper,alepper5o@amazon.de,Male,Montreal
206,Danice,Kermitt,dkermitt5p@posterous.com,Female,Calgary
207,Bertie,Derrington,bderrington5q@china.com.cn,Female,Toronto
208,Mozes,Geertsen,mgeertsen5r@sourceforge.net,Male,Toronto
209,Alys,Jimmison,ajimmison5s@skyrock.com,Female,Toronto
210,Stoddard,Wyeth,swyeth5t@yolasite.com,Female,Mississauga
211,Cynthia,Roskell,croskell5u@discuz.net,Female,Toronto
212,Lowrance,Ablott,lablott5v@barnesandnoble.com,Male,Toronto
213,Phillis,Barstow,pbarstow5w@nba.com,Female,Toronto
214,Galvan,Caveill,gcaveill5x@exblog.jp,Male,Mississauga
215,Katha,Flarity,kflarity5y@hatena.ne.jp,Female,Qishui
216,Gearard,Bullene,gbullene5z@va.gov,Male,Lavrica
217,Gertie,Eeles,geeles60@jalbum.net,Female,North Perth
218,Ignacius,Britnell,ibritnell61@fotki.com,Male,Jiuzhen
219,Lowe,Davidovsky,ldavidovsky62@stanford.edu,Male,Chengxi
220,Darb,Brandacci,dbrandacci63@barnesandnoble.com,Male,Puerto Cisnes
221,Killie,Godbert,kgodbert64@ihg.com,Male,Colón
222,Morty,Bamb,mbamb65@ning.com,Male,Trbovlje
223,Gwenni,Jobke,gjobke66@fotki.com,Female,Houston
224,Marwin,Ewin,mewin67@tamu.edu,Male,Timashëvsk
225,Sonnie,Zarfat,szarfat68@nih.gov,Female,Jiuzihe
226,Germayne,Hovell,ghovell69@virginia.edu,Male,Afareaitu
227,Derwin,O'Toole,dotoole6a@digg.com,Male,New Haven
228,Jennee,Chitter,jchitter6b@skyrock.com,Female,Bangassou
229,Davidde,Ivanovic,divanovic6c@cisco.com,Male,Metlika
230,Carmella,Riglar,criglar6d@tripadvisor.com,Female,Kokhanava
231,Murvyn,Thorby,mthorby6e@loc.gov,Male,Stockholm
232,Albertine,Jeyes,ajeyes6f@freewebs.com,Female,Nova Olímpia
233,Ilaire,Pelling,ipelling6g@tripod.com,Male,Chengyang
234,Estell,Joao,ejoao6h@examiner.com,Female,Bununu Dass
235,Emelita,Meak,emeak6i@census.gov,Female,Muzhou
236,Job,Halvorsen,jhalvorsen6j@ihg.com,Male,Carcassonne
237,Zia,Allsepp,zallsepp6k@columbia.edu,Female,Girihieum
238,Jelene,MacEnelly,jmacenelly6l@lycos.com,Female,Pagsanahan Norte
239,Delly,Kulas,dkulas6m@ftc.gov,Female,Benniu
240,Welsh,Fidelus,wfidelus6n@simplemachines.org,Male,Leticia
241,Gibbie,Pauletti,gpauletti6o@parallels.com,Male,Tasikona
242,Boy,Kluger,bkluger6p@yahoo.com,Male,Daloa
243,Lonnard,Slorance,lslorance6q@sourceforge.net,Male,Huangtu
244,Tobin,Broadey,tbroadey6r@buzzfeed.com,Male,Xieqiao
245,Kirby,Ogle,kogle6s@friendfeed.com,Female,Dankalwa
246,Laurel,Conningham,lconningham6t@npr.org,Female,Mergayu
247,Leela,Showers,lshowers6u@simplemachines.org,Female,Saint-Étienne
248,Svend,Colgan,scolgan6v@cnet.com,Male,Panikian
249,Briny,Dimitriou,bdimitriou6w@gmpg.org,Female,Bafia
250,Conrado,Espinho,cespinho6x@naver.com,Male,Knoxville
251,Evita,Dow,edow6y@sciencedirect.com,Female,Babakan
252,Coralie,Macbane,cmacbane6z@gmpg.org,Female,Sączów
253,Frieda,Mew,fmew70@wunderground.com,Female,Pamotan
254,Tris,Pamphilon,tpamphilon71@pagesperso-orange.fr,Male,Montigny-lès-Metz
255,Skip,Frodsham,sfrodsham72@acquirethisname.com,Male,Chaeryŏng-ŭp
256,Gifford,Pochon,gpochon73@who.int,Male,Inhambupe
257,Sheba,Lantuff,slantuff74@myspace.com,Female,Almirante Tamandaré
258,Irma,Slobom,islobom75@jimdo.com,Female,Mizunami
259,Lucille,Beak,lbeak76@globo.com,Female,Jing’an
260,Mason,Pears,mpears77@last.fm,Male,Boulaide
261,Simmonds,Alliston,salliston78@mtv.com,Male,Ratnapura
262,Grazia,Reignolds,greignolds79@xinhuanet.com,Female,Zall-Herr
263,Dory,Lafoy,dlafoy7a@rakuten.co.jp,Female,Maddela
264,Brendis,Perryn,bperryn7b@yahoo.com,Male,Guadalupe
265,Jamima,Jirasek,jjirasek7c@pinterest.com,Female,Munduk
266,Christophe,Livesley,clivesley7d@angelfire.com,Male,Yidu
267,Eliot,Pevreal,epevreal7e@jugem.jp,Male,Lannion
268,Emmery,Tudhope,etudhope7f@bigcartel.com,Male,Montilla
269,Othilia,Stanwix,ostanwix7g@twitpic.com,Female,Xinghua
270,Raymond,Guidi,rguidi7h@issuu.com,Male,Primero de Enero
271,Fitz,Whitton,fwhitton7i@smugmug.com,Male,Pho Thale
272,Adela,Zum Felde,azumfelde7j@bigcartel.com,Female,Shijiao
273,Cacilia,Cull,ccull7k@scientificamerican.com,Female,Ban Nahin
274,Edita,Fosher,efosher7l@accuweather.com,Female,São Mateus
275,Benedict,Vickress,bvickress7m@simplemachines.org,Male,Sindangraja
276,Kipp,Burg,kburg7n@hud.gov,Male,Višňova
277,Vassily,Blaydes,vblaydes7o@youku.com,Male,Dueñas
278,Ailsun,Bernadzki,abernadzki7p@narod.ru,Female,Liebu
279,Gui,Slyde,gslyde7q@hao123.com,Female,Gudong
280,Patience,Cleef,pcleef7r@pcworld.com,Female,Goiatuba
281,Matthieu,Roomes,mroomes7s@huffingtonpost.com,Male,Yanzhao
282,Abbie,Ablitt,aablitt7t@census.gov,Male,Duhu
283,Kalvin,Sarath,ksarath7u@over-blog.com,Male,Lamas
284,Michel,Vicent,mvicent7v@tmall.com,Male,Awarawar
285,Sacha,Ohm,sohm7w@comsenz.com,Female,Ambelókipoi
286,Celina,Abbey,cabbey7x@wufoo.com,Female,Bodega
287,Austin,Carp,acarp7y@technorati.com,Male,Budënnovsk
288,Orran,Vesco,ovesco7z@slashdot.org,Male,Molinos
289,Rochester,Brockman,rbrockman80@cisco.com,Male,Port Nolloth
290,Emilee,Avramovich,eavramovich81@sina.com.cn,Female,Dakoro
291,Carissa,Mingauld,cmingauld82@wunderground.com,Female,Armopa
292,Marijn,Garnar,mgarnar83@example.com,Male,Tafraout
293,Marie,Scholfield,mscholfield84@fema.gov,Female,Russkiy
294,Marchall,Isenor,misenor85@mtv.com,Male,Punta Arenas
295,Lydon,Gibling,lgibling86@census.gov,Male,Kabalo
296,Ailbert,Putland,aputland87@latimes.com,Male,Sidi Amar
297,Sophi,Seivertsen,sseivertsen88@wisc.edu,Female,Pjanići
298,Cherin,MacCart,cmaccart89@globo.com,Female,Nankang
299,Moreen,Etter,metter8a@patch.com,Female,Neuzina
300,Arin,Kanter,akanter8b@google.co.uk,Male,La Rioja
301,Aguistin,Di Pietro,adipietro8c@discuz.net,Male,Oslob
302,Pat,Hollindale,phollindale8d@multiply.com,Female,Kertosari
303,Eula,Pryell,epryell8e@cbc.ca,Female,Sambogunung
304,Darnall,Willmer,dwillmer8f@google.es,Male,Cẩm Phả
305,Fair,McNea,fmcnea8g@ocn.ne.jp,Male,Lambton Shores
306,Lonni,Northridge,lnorthridge8h@mlb.com,Female,Uenohara
307,Tanney,Kybird,tkybird8i@marketwatch.com,Male,Fak Tha
308,Ira,Josef,ijosef8j@amazonaws.com,Female,Zengfu
309,Eugine,Lyness,elyness8k@netlog.com,Female,Shazikou
310,Ced,Weakley,cweakley8l@adobe.com,Male,Mabilang
311,Sim,Ince,since8m@lulu.com,Male,Silodakon
312,Kathrine,Paulack,kpaulack8n@mit.edu,Female,Salento
313,Wilmer,Tuxwell,wtuxwell8o@scientificamerican.com,Male,Tsukumiura
314,Jayne,Brauner,jbrauner8p@cnet.com,Female,Kholmsk
315,Geno,Mathou,gmathou8q@nydailynews.com,Male,Zhicheng
316,Moise,Grievson,mgrievson8r@sogou.com,Male,Alangalang
317,Rachelle,McIlenna,rmcilenna8s@slashdot.org,Female,Koupéla
318,Gabbie,Rosenblath,grosenblath8t@i2i.jp,Male,Kakamigahara
319,Brigida,Jocic,bjocic8u@boston.com,Female,Antas
320,Keary,Driscoll,kdriscoll8v@smh.com.au,Male,Ar Rawḑ
321,Webb,Fehner,wfehner8w@netlog.com,Male,Depok
322,Karlee,Bedinn,kbedinn8x@marketwatch.com,Female,Cisadap
323,Colene,Guinery,cguinery8y@mapy.cz,Female,Oslo
324,Hamlin,Bozward,hbozward8z@netscape.com,Male,Arcangel
325,Concettina,Stratiff,cstratiff90@spiegel.de,Female,Kakuda
326,Pedro,Hing,phing91@blinklist.com,Male,Ubonratana
327,Mindy,Sabberton,msabberton92@live.com,Female,Těšetice
328,Giana,Paula,gpaula93@senate.gov,Female,Sandnes
329,Ilse,Tesseyman,itesseyman94@friendfeed.com,Female,Nanzhao Chengguanzhen
330,Andrej,Crawley,acrawley95@bloglines.com,Male,Mendi
331,Linda,Beckham,lbeckham96@tamu.edu,Female,Bancak Wetan
332,Stavros,Mincher,smincher97@bravesites.com,Male,Sumbermanggis
333,Hugibert,Cloney,hcloney98@joomla.org,Male,Machagai
334,Armin,Jandourek,ajandourek99@miibeian.gov.cn,Male,Dobruševo
335,Phyllis,Stovell,pstovell9a@lycos.com,Female,Verkhniy Mamon
336,Tammy,Winspurr,twinspurr9b@csmonitor.com,Female,Taiyanghe
337,Lionello,Roney,lroney9c@sciencedaily.com,Male,Nizhniy Kurkuzhin
338,Dav,Berzon,dberzon9d@wikimedia.org,Male,São Sebastião do Caí
339,Maxy,Emeney,memeney9e@booking.com,Male,Cikalaces
340,Cal,Pollastrone,cpollastrone9f@comcast.net,Male,Huntsville
341,Nevile,McCaghan,nmccaghan9g@vkontakte.ru,Male,Przyborów
342,Brenda,Janus,bjanus9h@intel.com,Female,Tangchijie
343,Dolley,Nelthorp,dnelthorp9i@accuweather.com,Female,Glória do Goitá
344,Heather,Keford,hkeford9j@ycombinator.com,Female,Fahraj
345,Kelsy,Gawke,kgawke9k@sohu.com,Female,Capitán Bermúdez
346,Colan,Font,cfont9l@de.vu,Male,Catolé do Rocha
347,Powell,Richley,prichley9m@nasa.gov,Male,Taytayan
348,Lynnea,Staner,lstaner9n@meetup.com,Female,Jumpangdua
349,Lari,Mundy,lmundy9o@reuters.com,Female,Cova da Iria
350,Cordy,Matiashvili,cmatiashvili9p@loc.gov,Female,Rokitno
351,Belvia,Cleghorn,bcleghorn9q@discovery.com,Female,Newton
352,Judye,Turbern,jturbern9r@desdev.cn,Female,Córdoba
353,Teodora,Popplewell,tpopplewell9s@comcast.net,Female,Queimados
354,Mischa,Gumly,mgumly9t@geocities.jp,Male,Yako
355,Maggy,Habbergham,mhabbergham9u@reference.com,Female,San Gabriel
356,Melvyn,Ritch,mritch9v@indiatimes.com,Male,Luqiao
357,Worthington,Kennet,wkennet9w@china.com.cn,Male,Roissy Charles-de-Gaulle
358,Tess,Jenner,tjenner9x@yelp.com,Female,Boden
359,Nevil,Rosengren,nrosengren9y@issuu.com,Male,Sanli
360,Tadeo,Kelmere,tkelmere9z@mediafire.com,Male,Kauhava
361,Gleda,O'Shiel,goshiela0@lulu.com,Female,Shreveport
362,Gail,Howford,ghowforda1@drupal.org,Female,Anshan
363,Donnamarie,Illsley,dillsleya2@cnn.com,Female,Nusajaya
364,Leontyne,Atchly,latchlya3@mayoclinic.com,Female,Nor Gyugh
365,Grove,King,gkinga4@ameblo.jp,Male,Bakalang
366,Deanne,Vanin,dvanina5@live.com,Female,Bambakashat
367,Diandra,Mazey,dmazeya6@people.com.cn,Female,Winong
368,Coleman,Depka,cdepkaa7@huffingtonpost.com,Male,Rathdrum
369,Cosmo,Jancic,cjancica8@princeton.edu,Male,Seboruco
370,Purcell,Ferschke,pferschkea9@jugem.jp,Male,Aghsu
371,Nelia,Hardinge,nhardingeaa@tiny.cc,Female,Banjar Serangan
372,Marquita,Oakes,moakesab@amazon.com,Female,Myhiya
373,Quintana,Goggen,qgoggenac@princeton.edu,Female,Amnat Charoen
374,Hilario,Perrie,hperriead@china.com.cn,Male,Digne-les-Bains
375,Murry,Profit,mprofitae@alibaba.com,Male,Buôn Ma Thuột
376,Nadya,Bisgrove,nbisgroveaf@eventbrite.com,Female,Nayak
377,Atlanta,Huckstepp,ahucksteppag@pinterest.com,Female,Wang Thonglang
378,Llewellyn,Bemment,lbemmentah@webmd.com,Male,Svetlograd
379,Winn,Stillmann,wstillmannai@engadget.com,Male,Waitangi
380,Zacharie,Ferraresi,zferraresiaj@scribd.com,Male,Sojo
381,Brok,Issett,bissettak@cyberchimps.com,Male,Cepões
382,Nert,Madgwick,nmadgwickal@latimes.com,Female,Sumisip
383,Creight,Washington,cwashingtonam@ezinearticles.com,Male,Nankai
384,Christian,Eede,ceedean@cnet.com,Male,Santa Cecilia
385,Miles,McGrah,mmcgrahao@umich.edu,Male,Stuttgart
386,Natalina,Latter,nlatterap@xing.com,Female,Sannikovo
387,Lora,Molnar,lmolnaraq@weather.com,Female,Psevdás
388,Jerrold,Cordero,jcorderoar@washingtonpost.com,Male,San Rafael Petzal
389,Ryann,Manueli,rmanuelias@goo.ne.jp,Female,Mainri
390,Lewes,Toffanini,ltoffaniniat@tinypic.com,Male,Las Varillas
391,Rani,Jacques,rjacquesau@hexun.com,Female,Vratsa
392,Dona,Gimlet,dgimletav@cbsnews.com,Female,Qinghua
393,Garrik,Burd,gburdaw@senate.gov,Male,Olszanica
394,Cash,Batty,cbattyax@google.com.br,Male,Colcabamba
395,Sebastian,Cockran,scockranay@soup.io,Male,Polzela
396,Marti,Gerardin,mgerardinaz@ftc.gov,Female,Atamanovka
397,Guilbert,Sacker,gsackerb0@edublogs.org,Male,Talangbetutu
398,Leonhard,Balsellie,lbalsellieb1@shinystat.com,Male,Naxos
399,Lisa,Speed,lspeedb2@arstechnica.com,Female,Atlanta
400,Giorgi,Bolin,gbolinb3@xinhuanet.com,Male,Lloydminster
401,Bessy,Grix,bgrixb4@hugedomains.com,Female,Xugu
402,Jodie,Malpas,jmalpasb5@1688.com,Female,Wang Thonglang
403,Thomasin,Dunthorn,tdunthornb6@diigo.com,Female,Iwierzyce
404,Jodie,Parades,jparadesb7@oakley.com,Male,Isawa
405,Pam,Flinders,pflindersb8@alexa.com,Female,Kragujevac
406,Nanice,Concklin,nconcklinb9@wunderground.com,Female,Umeå
407,Kirk,Hamshaw,khamshawba@sakura.ne.jp,Male,Sipoholon
408,Jim,Applegate,japplegatebb@hugedomains.com,Male,Sivers’k
409,Niels,Jurisic,njurisicbc@github.com,Male,Daixi
410,Cleve,Badger,cbadgerbd@walmart.com,Male,Laborde
411,Alford,Broxholme,abroxholmebe@netlog.com,Male,Xingbin
412,Etan,Stoakes,estoakesbf@devhub.com,Male,Bolondrón
413,Floyd,Borgnet,fborgnetbg@dot.gov,Male,Singgugu
414,Courtney,Valentin,cvalentinbh@desdev.cn,Male,Aomori Shi
415,Rozella,Hearty,rheartybi@freewebs.com,Female,Tepusteca
416,Dilly,Carrett,dcarrettbj@eventbrite.com,Male,Yola
417,Maynard,Kirvin,mkirvinbk@squidoo.com,Male,Panagyurishte
418,Meara,Stellman,mstellmanbl@ft.com,Female,Berlin
419,Tanhya,Baud,tbaudbm@vkontakte.ru,Female,Bantogon
420,Nico,Penberthy,npenberthybn@japanpost.jp,Male,Xin’an
421,Land,Rodda,lroddabo@weebly.com,Male,Akropong
422,Ange,Nisot,anisotbp@godaddy.com,Male,Ādilpur
423,Vin,Epperson,veppersonbq@last.fm,Male,Lidköping
424,Martainn,Boater,mboaterbr@aol.com,Male,Zhengchang
425,Herb,Hexter,hhexterbs@github.com,Male,Shuiyin
426,Audre,Furmenger,afurmengerbt@miitbeian.gov.cn,Female,Krivaja
427,Hastings,Iston,histonbu@dropbox.com,Male,Quimilí
428,Spike,Guerrero,sguerrerobv@hc360.com,Male,Maribong
429,Rowena,Paddle,rpaddlebw@imdb.com,Female,Yangjian
430,Fallon,Matic,fmaticbx@bluehost.com,Female,Liliana
431,Antonin,Kellough,akelloughby@php.net,Male,Kupusina
432,Clari,Peverell,cpeverellbz@vkontakte.ru,Female,El Paso
433,Bliss,Casley,bcasleyc0@timesonline.co.uk,Female,Tenggong
434,Robby,Meaton,rmeatonc1@alibaba.com,Male,Emporeío
435,Harwell,Cleminson,hcleminsonc2@vinaora.com,Male,Longzhou
436,Nils,Maslen,nmaslenc3@csmonitor.com,Male,Tamnag
437,Chrissie,Tull,ctullc4@skyrock.com,Female,Düsseldorf
438,Ham,Franceschi,hfranceschic5@sogou.com,Male,Paccho
439,Nicolais,Matzeitis,nmatzeitisc6@plala.or.jp,Male,Inongo
440,Lishe,Balog,lbalogc7@soundcloud.com,Female,Korniyivka
441,Colver,Bloan,cbloanc8@ibm.com,Male,Zblewo
442,Ker,Hrishchenko,khrishchenkoc9@mapquest.com,Male,Monte
443,Pansy,Clemot,pclemotca@reuters.com,Female,Tushi
444,Rodrigo,Hullyer,rhullyercb@wikispaces.com,Male,Carlsbad
445,Vinita,Forsyde,vforsydecc@clickbank.net,Female,Ziliang
446,Niles,Van der Kruijs,nvanderkruijscd@acquirethisname.com,Male,Colonia Yguazú
447,Federico,Dashwood,fdashwoodce@nyu.edu,Male,Kusheriki
448,Hillard,Spoward,hspowardcf@discovery.com,Male,Cogtong
449,Lind,Pudding,lpuddingcg@php.net,Female,Rancakole
450,Illa,Longwood,ilongwoodch@nasa.gov,Female,Shirbīn
451,Kris,Alleyne,kalleyneci@springer.com,Female,Contagem
452,Paulie,Gatman,pgatmancj@phoca.cz,Male,Lat Yao
453,Jerrie,Lowensohn,jlowensohnck@cam.ac.uk,Female,Vila
454,Letta,Rafe,lrafecl@sbwire.com,Female,Gongjiahe
455,Byrann,Bossel,bbosselcm@howstuffworks.com,Male,Massakory
456,Cacilie,Kaesmans,ckaesmanscn@loc.gov,Female,Bārkhān
457,Rickie,Waliszek,rwaliszekco@hhs.gov,Male,Datarsitu
458,Demetri,Buchett,dbuchettcp@amazon.co.uk,Male,Gulyantsi
459,Wakefield,Prattin,wprattincq@wp.com,Male,El Zulia
460,Nikola,Mellhuish,nmellhuishcr@bandcamp.com,Male,Seynod
461,Quillan,Stanway,qstanwaycs@bizjournals.com,Male,Laowobao
462,Lanie,Jedrachowicz,ljedrachowiczct@wikimedia.org,Male,Medicine Hat
463,William,Jolliman,wjollimancu@pagesperso-orange.fr,Male,Zhoushan
464,Reg,Strang,rstrangcv@gov.uk,Male,Tairua
465,Sashenka,Maneylaws,smaneylawscw@google.cn,Female,Jiangshan
466,Abba,Burriss,aburrisscx@wordpress.org,Male,Shewopo
467,Doe,Brayn,dbrayncy@marketwatch.com,Female,Rego de Água
468,Bartholomeo,Pinnigar,bpinnigarcz@facebook.com,Male,Dengmu
469,Kyle,Sallier,ksallierd0@tinypic.com,Female,Malindi
470,Zelig,Caley,zcaleyd1@cbc.ca,Male,Kafr Şūr
471,Fair,Veracruysse,fveracruyssed2@topsy.com,Male,Stepojevac
472,Doria,Belding,dbeldingd3@biglobe.ne.jp,Female,Kimberley
473,Haskel,McGahy,hmcgahyd4@livejournal.com,Male,Burnside
474,Alonzo,Tomovic,atomovicd5@geocities.com,Male,Saint-Étienne-du-Rouvray
475,Christoph,Mougel,cmougeld6@blogger.com,Male,Funafuti
476,Paquito,Geeve,pgeeved7@aboutads.info,Male,Memphis
477,Bart,Mathevet,bmathevetd8@redcross.org,Male,Návsí u Jablunkova
478,Christoforo,Budnik,cbudnikd9@seesaa.net,Male,Banjar Desa
479,Wilone,Lodin,wlodinda@foxnews.com,Female,Casal Velho
480,Elvyn,Yewdell,eyewdelldb@uol.com.br,Male,Novopavlovsk
481,Kirby,Whitney,kwhitneydc@cafepress.com,Male,Saint-Tite
482,Cullen,McIlwraith,cmcilwraithdd@jalbum.net,Male,Arvayheer
483,Breanne,Haggerstone,bhaggerstonede@wix.com,Female,Lochovice
484,Sibby,Gelletly,sgelletlydf@goo.gl,Female,Cauto Cristo
485,Theodore,Nice,tnicedg@sun.com,Male,Shuishi
486,Jolyn,Palin,jpalindh@statcounter.com,Female,Glendale
487,Hanan,Tootin,htootindi@artisteer.com,Male,Ponikiew
488,Nelia,Lamboll,nlambolldj@uol.com.br,Female,Hyesan-si
489,Josefa,Fenny,jfennydk@yellowpages.com,Female,Yaojiaji
490,Franny,Joriot,fjoriotdl@alibaba.com,Female,Nelahozeves
491,Kayley,Okill,kokilldm@shutterfly.com,Female,Leninsk
492,Charles,Luparto,clupartodn@netscape.com,Male,El Valle del Espíritu Santo
493,Pepe,Daverin,pdaverindo@ca.gov,Male,Sabang
494,Rock,Woolcocks,rwoolcocksdp@cargocollective.com,Male,Kiarajangkung
495,Lenna,Alcido,lalcidodq@nationalgeographic.com,Female,Molteno
496,Hobey,Feldmann,hfeldmanndr@github.io,Male,Strängnäs
497,Cherye,Gheorghe,cgheorgheds@yale.edu,Female,Sveg
498,Patrice,Wilkes,pwilkesdt@dedecms.com,Male,Villa Ángela
499,Paquito,Raffeorty,praffeortydu@tiny.cc,Male,Nanying
500,Beverly,Jedryka,bjedrykadv@deliciousdays.com,Female,Juncheng
501,Andy,Tuminelli,atuminellidw@soup.io,Male,Buy
502,Iorgos,Callear,icalleardx@dion.ne.jp,Male,Shewopo
503,Adeline,Mandeville,amandevilledy@ucoz.com,Female,Azurva
504,Chico,Barts,cbartsdz@merriam-webster.com,Male,Cacaopera
505,Saudra,Redmayne,sredmaynee0@whitehouse.gov,Female,Washington
506,Zane,McCaighey,zmccaigheye1@examiner.com,Male,Cibojong
507,Garry,Olerenshaw,golerenshawe2@amazonaws.com,Male,Yegor’yevsk
508,Bobbie,Ellerey,bellereye3@usatoday.com,Male,Conner
509,Olin,Pheasey,opheaseye4@google.ca,Male,Roshnik
510,Kip,Eakly,keaklye5@dropbox.com,Male,Ogden
511,Andrey,Halliwell,ahalliwelle6@bizjournals.com,Male,Samuhú
512,Nichol,MacPake,nmacpakee7@dot.gov,Female,Sobrosa
513,Sigismond,Murch,smurche8@constantcontact.com,Male,Trŭn
514,Ware,Malshinger,wmalshingere9@tamu.edu,Male,Bálsamo Oriental
515,Bunni,Grumley,bgrumleyea@sun.com,Female,Alaverdi
516,Kelby,Cutmare,kcutmareeb@usatoday.com,Male,Babakan
517,Gabi,Haselgrove,ghaselgroveec@altervista.org,Female,Strašice
518,Janine,Rattry,jrattryed@skype.com,Female,Mawu
519,Madlen,Hatz,mhatzee@list-manage.com,Female,Pajannangger
520,Taryn,Droogan,tdrooganef@surveymonkey.com,Female,Joconal
521,Boycie,McBrearty,bmcbreartyeg@istockphoto.com,Male,Datong
522,Kay,Klarzynski,kklarzynskieh@icq.com,Female,Toktogul
523,Stu,Girauld,sgirauldei@tumblr.com,Male,Jifnā
524,Colleen,Mound,cmoundej@naver.com,Female,Dualing
525,Retha,Tallow,rtallowek@blog.com,Female,Longra
526,Frans,Stedson,fstedsonel@craigslist.org,Male,Zákupy
527,Lona,McCague,lmccagueem@prnewswire.com,Female,Tangga
528,Siegfried,Byatt,sbyatten@umn.edu,Male,Xinji
529,Dall,Ogan,doganeo@g.co,Male,Orléans
530,Lovell,Stribbling,lstribblingep@phpbb.com,Male,Shtip
531,Jerrilee,Quemby,jquembyeq@diigo.com,Female,Hadāli
532,Theodora,Mongenot,tmongenoter@apache.org,Female,Dłutów
533,Brear,Spittall,bspittalles@theguardian.com,Female,Lipov
534,Calvin,Gallon,cgallonet@123-reg.co.uk,Male,Puncaksari
535,Henderson,Huntress,hhuntresseu@dyndns.org,Male,Sukadana
536,Erich,Scrowby,escrowbyev@meetup.com,Male,Johor Bahru
537,Maurise,Gilbeart,mgilbeartew@wired.com,Female,Dongwan
538,Michael,Astill,mastillex@wix.com,Male,Arujá
539,Marven,Jeffcock,mjeffcockey@economist.com,Male,Naili
540,Sonnie,Stowe,sstoweez@wp.com,Male,Lons-le-Saunier
541,Ewen,Kalisch,ekalischf0@amazon.com,Male,Cimo de Vila
542,Corny,Foxworthy,cfoxworthyf1@123-reg.co.uk,Male,Kohtla-Järve
543,Sande,Cordoba,scordobaf2@zdnet.com,Female,Khulm
544,Merell,Pride,mpridef3@vinaora.com,Male,Pahonjean
545,Michaella,Kingerby,mkingerbyf4@nationalgeographic.com,Female,Guandukou
546,Robb,Longfut,rlongfutf5@jalbum.net,Male,Stockholm
547,Wake,Milier,wmilierf6@zimbio.com,Male,Gaoliang
548,Leone,Cords,lcordsf7@feedburner.com,Female,Ouricuri
549,Chico,Cadney,ccadneyf8@acquirethisname.com,Male,Ribeirão
550,Derby,McCready,dmccreadyf9@1688.com,Male,San Lorenzo de Esmeraldas
551,Clive,Degue,cdeguefa@google.com.br,Male,Bafoussam
552,Craggy,Quarlis,cquarlisfb@zdnet.com,Male,Yingjiang
553,Noll,Peabody,npeabodyfc@accuweather.com,Male,‘Izrā
554,Candis,Gladwish,cgladwishfd@tripadvisor.com,Female,Luče
555,Dukie,Michel,dmichelfe@phoca.cz,Male,Tazarine
556,Iosep,Winger,iwingerff@ftc.gov,Male,Slobodskoy
557,Legra,Canete,lcanetefg@cbc.ca,Female,Kuishan
558,Jackie,Le Breton,jlebretonfh@un.org,Female,Sukasari
559,Gusta,Crankhorn,gcrankhornfi@prnewswire.com,Female,Aco
560,Talbert,King,tkingfj@symantec.com,Male,Stopnica
561,Avram,Gyse,agysefk@hexun.com,Male,Povorino
562,Phil,Halsall,phalsallfl@nationalgeographic.com,Female,Velké Pavlovice
563,Riordan,Pavkovic,rpavkovicfm@amazon.com,Male,Paris 02
564,Lyndel,Anney,lanneyfn@list-manage.com,Female,Fushë-Muhurr
565,Laurianne,Goering,lgoeringfo@arizona.edu,Female,Nanyue
566,Broddy,Fleay,bfleayfp@ucla.edu,Male,Ketapang
567,Chris,Moller,cmollerfq@ox.ac.uk,Male,Vedène
568,Barrett,Wohlers,bwohlersfr@squidoo.com,Male,Carrazeda de Ansiães
569,Charisse,Yegorchenkov,cyegorchenkovfs@berkeley.edu,Female,Strenči
570,Dino,Skillman,dskillmanft@bandcamp.com,Male,Santa Rosa de Aguán
571,Terrill,Eneas,teneasfu@spiegel.de,Male,San Diego
572,Oberon,Kuhnke,okuhnkefv@who.int,Male,Zhong’an
573,Sorcha,Winspire,swinspirefw@nsw.gov.au,Female,Ancol
574,Lucia,Wolfendale,lwolfendalefx@discovery.com,Female,Zvole
575,Michal,Wheelband,mwheelbandfy@nytimes.com,Female,Stockholm
576,Ken,Carmichael,kcarmichaelfz@jugem.jp,Male,Yanggu
577,Templeton,Corradengo,tcorradengog0@usda.gov,Male,Koumac
578,Deonne,Withams,dwithamsg1@instagram.com,Female,Limatambo
579,Giustino,Leathwood,gleathwoodg2@people.com.cn,Male,Huangpo
580,Phillie,Waye,pwayeg3@indiegogo.com,Female,La Bélgica
581,Friedrich,Buncher,fbuncherg4@gizmodo.com,Male,Pangantocan
582,Rodolphe,Huot,rhuotg5@com.com,Male,Huaicheng
583,Aurlie,Osanne,aosanneg6@behance.net,Female,Jindong
584,Trescha,Kinnon,tkinnong7@typepad.com,Female,Gabao
585,Kimbra,Menichi,kmenichig8@networksolutions.com,Female,Tlogocilik
586,Morris,Glancy,mglancyg9@ftc.gov,Male,Nanling
587,Hurleigh,Elliman,hellimanga@moonfruit.com,Male,Alor Setar
588,Pennie,Aldus,paldusgb@wsj.com,Male,Nantes
589,Alia,Rains,arainsgc@state.tx.us,Female,Kamieniec Podolski
590,Myles,Peak,mpeakgd@altervista.org,Male,Kebon
591,Willyt,Appleton,wappletonge@csmonitor.com,Female,Tuplice
592,Billie,Dormon,bdormongf@ibm.com,Female,Haradok
593,Corty,Churm,cchurmgg@seattletimes.com,Male,Gununglarang
594,Kingston,Faust,kfaustgh@yahoo.com,Male,Pruszcz Gdański
595,Normy,Elloit,nelloitgi@lycos.com,Male,Magisterial
596,Gabe,Mccaull,gmccaullgj@arstechnica.com,Male,Beigang
597,Lawrence,Sainsbury-Brown,lsainsburybrowngk@sogou.com,Male,Anchorage
598,Felita,Juden,fjudengl@blogger.com,Female,Sudzha
599,Ranice,Samuel,rsamuelgm@dell.com,Female,Petit Valley
600,Maurie,Groarty,mgroartygn@home.pl,Male,Merdeka
601,Winfred,Comerford,wcomerfordgo@csmonitor.com,Male,Lwówek Śląski
602,Alfie,Baswall,abaswallgp@spiegel.de,Male,Fresno
603,Jocko,MacAleese,jmacaleesegq@webs.com,Male,Andradina
604,Sidoney,Johann,sjohanngr@ca.gov,Female,Pazin
605,Ivar,Nyles,inylesgs@timesonline.co.uk,Male,Huangcun
606,Felizio,Stieger,fstiegergt@so-net.ne.jp,Male,Emiliano Zapata
607,Bride,Rossbrook,brossbrookgu@imgur.com,Female,Bābolsar
608,Elna,Kempster,ekempstergv@ucla.edu,Female,Tost
609,Gardiner,Livick,glivickgw@chicagotribune.com,Male,Nuga
610,Hilarius,Raulstone,hraulstonegx@huffingtonpost.com,Male,Oratorio
611,Frannie,Crofthwaite,fcrofthwaitegy@netscape.com,Male,Santa Rosa de Viterbo
612,Edee,Hise,ehisegz@biglobe.ne.jp,Female,Otavi
613,Hilliard,Shippey,hshippeyh0@google.de,Male,Jia’an
614,Tabbie,Mushrow,tmushrowh1@symantec.com,Male,Aga
615,Reube,Sinnatt,rsinnatth2@tripod.com,Male,Limeira
616,Teirtza,Giraudat,tgiraudath3@altervista.org,Female,Pentaplátano
617,Clovis,Walpole,cwalpoleh4@feedburner.com,Female,København
618,Pooh,Gash,pgashh5@epa.gov,Male,Prínos
619,Brook,Goaks,bgoaksh6@npr.org,Female,Shīeli
620,Cecilio,Agg,caggh7@fda.gov,Male,Ishëm
621,Melina,McLaughlin,mmclaughlinh8@mac.com,Female,Ferkessédougou
622,Shanon,Sayes,ssayesh9@newyorker.com,Female,Kentongan
623,Rebbecca,Evins,revinsha@seesaa.net,Female,Shijing
624,Sayre,McAreavey,smcareaveyhb@chronoengine.com,Male,Tietê
625,Thomasin,Bedboro,tbedborohc@smh.com.au,Female,Antwerpen
626,Codie,Daysh,cdayshhd@list-manage.com,Male,Bedadung Kulon
627,Jaynell,Killelea,jkilleleahe@shinystat.com,Female,Tokuyama
628,Munroe,Harlin,mharlinhf@stanford.edu,Male,Zaraysk
629,Dody,Petticrew,dpetticrewhg@hatena.ne.jp,Female,Bafang
630,Vasilis,McGhie,vmcghiehh@icio.us,Male,Saint-Priest
631,Amata,Orbell,aorbellhi@istockphoto.com,Female,Capinzal
632,Rogerio,Joiris,rjoirishj@wunderground.com,Male,Dahe
633,Donnie,Belchamber,dbelchamberhk@ebay.com,Female,Türkmenbaşy
634,Artemis,Kelloway,akellowayhl@usnews.com,Male,Songhe
635,Moishe,Morl,mmorlhm@cloudflare.com,Male,Owo
636,Penrod,Dudden,pduddenhn@discuz.net,Male,Dadong
637,Ara,Hickford,ahickfordho@dyndns.org,Female,Kifrī
638,Reginald,Dowle,rdowlehp@blogger.com,Male,Xinmatou
639,Demott,Bellham,dbellhamhq@slideshare.net,Male,Tecka
640,Tobiah,Allston,tallstonhr@t-online.de,Male,Khasht’arrak
641,Law,Masic,lmasichs@parallels.com,Male,Monaragala
642,Bernette,Pattie,bpattieht@hatena.ne.jp,Female,Dapdap
643,Bradley,Bitten,bbittenhu@tamu.edu,Male,Jincheng
644,Mitchel,Tivnan,mtivnanhv@si.edu,Male,Obock
645,Dieter,Cheyenne,dcheyennehw@amazonaws.com,Male,Wenjī
646,Gaspar,Bauckham,gbauckhamhx@weibo.com,Male,Hugang
647,Dunn,Braga,dbragahy@google.co.uk,Male,Sanhu
648,Freddy,Bompass,fbompasshz@quantcast.com,Male,Annacotty
649,Laney,Orhtmann,lorhtmanni0@go.com,Male,Jiubao
650,Quintus,Sheer,qsheeri1@gov.uk,Male,Passos
651,Georges,Wimlet,gwimleti2@cocolog-nifty.com,Male,Shanghuang
652,Paul,Borgnol,pborgnoli3@163.com,Male,Dalmeny
653,Roz,Bunney,rbunneyi4@fastcompany.com,Female,Pedreira
654,Averell,Gaskamp,agaskampi5@bizjournals.com,Male,San Lucas
655,Mavra,Isaacs,misaacsi6@ifeng.com,Female,Kassiri
656,Cheryl,Dalgarnowch,cdalgarnowchi7@imageshack.us,Female,Lewolere
657,Wilow,Lewson,wlewsoni8@nsw.gov.au,Female,Geumpang
658,Alina,Pull,apulli9@howstuffworks.com,Female,Weixin
659,Zorina,Niblett,zniblettia@prweb.com,Female,Beringin
660,Isidore,Stendall,istendallib@ucoz.com,Male,Guaíra
661,Gwendolen,Dickin,gdickinic@de.vu,Female,Banjar Jambe Baleran
662,Salvatore,Howle,showleid@blogspot.com,Male,Concepcion
663,Libbey,Winthrop,lwinthropie@bing.com,Female,Plato
664,Celestina,Rawlence,crawlenceif@go.com,Female,Lecheng
665,Lucina,Larciere,llarciereig@com.com,Female,Drammen
666,Darbie,Torra,dtorraih@scientificamerican.com,Female,Solna
667,Alejandra,Spiby,aspibyii@oakley.com,Female,Terpinnya
668,Shay,Pettegre,spettegreij@elpais.com,Male,Fier
669,Myranda,Eagle,meagleik@a8.net,Female,Chợ Lầu
670,Osgood,Covet,ocovetil@patch.com,Male,Richmond
671,Trix,Izkovitz,tizkovitzim@hc360.com,Female,Saint Louis
672,Nola,Eggleson,negglesonin@zimbio.com,Female,La Hacienda
673,Edmon,Dory,edoryio@cafepress.com,Male,Tegalgunung
674,Kilian,Mendez,kmendezip@webmd.com,Male,Cartago
675,Randene,Morcomb,rmorcombiq@soundcloud.com,Female,Toronto
676,Lemar,Heersema,lheersemair@shop-pro.jp,Male,Toronto
677,Celestina,Rafter,crafteris@howstuffworks.com,Female,Mississauga
678,Valentina,Bowne,vbowneit@uol.com.br,Female,Toronto
679,Tiffy,Keoghane,tkeoghaneiu@boston.com,Female,Toronto
680,Annabela,Artinstall,aartinstalliv@wikimedia.org,Female,Montreal
681,Lorrayne,Frankema,lfrankemaiw@trellian.com,Female,Mississauga
682,Garwin,Humbles,ghumblesix@mashable.com,Male,Toronto
683,Lamont,Pimlott,lpimlottiy@photobucket.com,Male,Vancouver
684,Charlton,Mulholland,cmulhollandiz@wikispaces.com,Male,Winnipeg
685,Margie,Hucknall,mhucknallj0@canalblog.com,Female,Mississauga
686,Freedman,Gadesby,fgadesbyj1@wunderground.com,Male,Edmonton
687,Perkin,Baxstare,pbaxstarej2@nps.gov,Male,Toronto
688,Ritchie,Ditchburn,rditchburnj3@ca.gov,Male,Toronto
689,Tobin,Bohike,tbohikej4@t.co,Male,Red Deer
690,Leticia,Guitel,lguitelj5@bloomberg.com,Female,Toronto
691,Marty,Cockram,mcockramj6@nature.com,Male,Toronto
692,Torre,Bedingfield,tbedingfieldj7@accuweather.com,Male,Montreal
693,Duke,Moretto,dmorettoj8@ifeng.com,Male,Calgary
694,Georgeta,Wendover,gwendoverj9@blogtalkradio.com,Female,Toronto
695,Stacee,Trimble,strimbleja@sciencedaily.com,Male,Toronto
696,Rickey,Echalie,rechaliejb@newyorker.com,Male,Toronto
697,Jen,Bewfield,jbewfieldjc@digg.com,Female,Mississauga
698,Carr,Gianinotti,cgianinottijd@jigsy.com,Male,Toronto
699,Marge,Tesmond,mtesmondje@meetup.com,Female,Toronto
700,Sky,McShirrie,smcshirriejf@geocities.com,Male,Mississauga
701,Lisle,Dopson,ldopsonjg@wp.com,Male,Toronto
702,Halette,Treppas,htreppasjh@t-online.de,Female,Vancouver
703,Gordie,MacGowing,gmacgowingji@unblog.fr,Male,Winnipeg
704,Vinny,Shapira,vshapirajj@hexun.com,Female,Mississauga
705,Ody,Safell,osafelljk@sphinn.com,Male,Edmonton
706,Shoshana,Compson,scompsonjl@wikimedia.org,Female,Toronto
707,Ivar,Kybird,ikybirdjm@ibm.com,Male,Toronto
708,Joceline,Craigheid,jcraigheidjn@deliciousdays.com,Female,Red Deer
709,Sheridan,Ritelli,sritellijo@elegantthemes.com,Male,Toronto
710,Thaine,MacMaster,tmacmasterjp@netscape.com,Male,Toronto
711,Emmaline,Oswald,eoswaldjq@weibo.com,Female,Montreal
712,Berton,Goodrum,bgoodrumjr@mashable.com,Male,Calgary
713,Danna,Abramamov,dabramamovjs@hc360.com,Female,Toronto
714,Celia,Foat,cfoatjt@mlb.com,Female,Toronto
715,Georgena,Deacon,gdeaconju@illinois.edu,Female,Toronto
716,Chrisy,Blakey,cblakeyjv@wsj.com,Male,Mississauga
717,Waverly,Bentham3,wbenthamjw@techcrunch.com,Male,Toronto
718,Raine,Skillett,rskillettjx@amazon.de,Female,Toronto
719,Merrel,Shaddock,mshaddockjy@gizmodo.com,Male,Toronto
720,Leontyne,Ledson,lledsonjz@marriott.com,Female,Mathba
721,Ganny,Kummerlowe,gkummerlowek0@businesswire.com,Male,Daqiao
722,Sigmund,Northway,snorthwayk1@ibm.com,Male,Cachachi
723,Pooh,McQuade,pmcquadek2@cnbc.com,Male,Bozhou
724,Garold,Golsworthy,ggolsworthyk3@oaic.gov.au,Male,Fray Bentos
725,Blythe,Burkin,bburkink4@bravesites.com,Female,Strašice
726,Katey,Hardington,khardingtonk5@friendfeed.com,Female,Loudun
727,Paulie,Orviss,porvissk6@fc2.com,Male,Semiluki
728,Chandra,Trippick,ctrippickk7@51.la,Female,Ciechocin
729,Myra,Adolf,madolfk8@chronoengine.com,Female,Courtaboeuf
730,Victor,Purse,vpursek9@1und1.de,Male,Mertert
731,Miof mela,McCord,mmccordka@sfgate.com,Female,Labrang
732,Aaren,MacMaykin,amacmaykinkb@technorati.com,Female,Belung Satu
733,Jacky,Pauer,jpauerkc@seattletimes.com,Female,Dengok
734,Ellerey,O'Fairy,eofairykd@technorati.com,Male,Heping
735,Billie,Inglesent,binglesentke@engadget.com,Female,Bansalan
736,Shaina,MacNalley,smacnalleykf@usgs.gov,Female,Kenamoen
737,Urbanus,Girardot,ugirardotkg@addthis.com,Male,Calvinia
738,Malia,Thomazin,mthomazinkh@delicious.com,Female,Owase
739,Yettie,Minmagh,yminmaghki@eventbrite.com,Female,Pensacola
740,Neala,Fouldes,nfouldeskj@unesco.org,Female,Shiraz
741,Rhonda,Branni,rbrannikk@alibaba.com,Female,Ash Shawātī
742,Izak,MacNamara,imacnamarakl@blogtalkradio.com,Male,Looc
743,Luisa,Boylin,lboylinkm@paginegialle.it,Female,Obock
744,Becky,Eaglestone,beaglestonekn@slideshare.net,Female,Filothéi
745,Hayes,Gordge,hgordgeko@fc2.com,Male,Mutengene
746,Tabbie,Van den Hof,tvandenhofkp@bloomberg.com,Female,Qinshi
747,Maryanne,Cowdrey,mcowdreykq@businessinsider.com,Female,Kaynardzha
748,Edy,Hazlehurst,ehazlehurstkr@samsung.com,Female,Ymittos
749,Alleyn,Benne,abenneks@php.net,Male,Dofa
750,Alexine,Jellings,ajellingskt@bravesites.com,Female,Abelheira
751,Pembroke,Immer,pimmerku@marketwatch.com,Male,Mercedes
752,Abagail,Paladino,apaladinokv@census.gov,Female,Venezia
753,Meredithe,Iddiens,middienskw@posterous.com,Female,Dikou
754,Wyatan,Heckle,whecklekx@omniture.com,Male,Chambar
755,Mahmoud,Bonnaire,mbonnaireky@rakuten.co.jp,Male,Mpraeso
756,Mohammed,Jestico,mjesticokz@forbes.com,Male,Kembé
757,Winny,Bullin,wbullinl0@cnn.com,Male,Tonantins
758,Corrine,Bonehill,cbonehilll1@desdev.cn,Female,Bilyayivka
759,Antone,Outram,aoutraml2@skype.com,Male,Xiangcunxiang
760,Muire,Semrad,msemradl3@cnet.com,Female,Santa Rosa de Lima
761,Edvard,Rea,ereal4@biglobe.ne.jp,Male,Tiandiba
762,Joscelin,Audritt,jaudrittl5@hubpages.com,Female,Mrągowo
763,Vannie,Berzons,vberzonsl6@soundcloud.com,Female,Monte Alto
764,Nichol,Hulson,nhulsonl7@nsw.gov.au,Female,Zaragoza
765,Rafaellle,Baselli,rbasellil8@altervista.org,Male,Halmstad
766,Meara,Balston,mbalstonl9@hexun.com,Female,Stepanivka
767,Milty,Swales,mswalesla@chronoengine.com,Male,Sapphaya
768,Sky,Deaton,sdeatonlb@arizona.edu,Male,Talalayivka
769,Smith,Lafuente,slafuentelc@house.gov,Male,Venda
770,Herbie,Wickliffe,hwickliffeld@skype.com,Male,San Gregorio
771,Aubert,Haycraft,ahaycraftle@e-recht24.de,Male,Novonukutskiy
772,Wylma,Uttridge,wuttridgelf@de.vu,Female,Mammari
773,Michell,Sultan,msultanlg@home.pl,Female,Naka
774,Freddy,McNally,fmcnallylh@hostgator.com,Male,Студеничани
775,Ferguson,Romanini,fromaninili@cdc.gov,Male,Lille
776,Melitta,Meekin,mmeekinlj@skyrock.com,Female,Xindeng
777,Winston,Wateridge,wwateridgelk@aboutads.info,Male,Tân Kỳ
778,Daloris,Kidgell,dkidgellll@pcworld.com,Female,Ambarakaraka
779,Issiah,Cure,icurelm@prweb.com,Male,Temeke
780,Dannel,Swaden,dswadenln@infoseek.co.jp,Male,Biryulëvo Zapadnoye
781,Aurie,Acory,aacorylo@microsoft.com,Female,Fonseca
782,Kincaid,Tellett,ktellettlp@google.nl,Male,Tangtou
783,Yale,Wroe,ywroelq@aol.com,Male,Manadhoo
784,Helsa,Block,hblocklr@w3.org,Female,Krajan
785,Donny,Swindells,dswindellsls@jigsy.com,Male,Sumber
786,Larry,Cleugh,lcleughlt@loc.gov,Male,Churubamba
787,Nickolai,Hamnet,nhamnetlu@ehow.com,Male,Aveleda
788,Roseline,Francescoccio,rfrancescocciolv@bing.com,Female,Székesfehérvár
789,Jacintha,Howman,jhowmanlw@mozilla.org,Female,Kot Sultan
790,Merrill,Winchcomb,mwinchcomblx@furl.net,Female,Xingang
791,Joyann,Simeonov,jsimeonovly@google.it,Female,Mykonos
792,Perrine,Andrejs,pandrejslz@twitpic.com,Female,Eláteia
793,Neila,Maryet,nmaryetm0@economist.com,Female,Malo
794,Alasdair,Sherar,asherarm1@discuz.net,Male,Najin
795,Chet,Bartoszewski,cbartoszewskim2@addthis.com,Male,Jianxi
796,Cale,Dudek,cdudekm3@google.pl,Male,Gongchenqiao
797,Jillana,Dray,jdraym4@unc.edu,Female,San Pablo
798,Stacy,McOmish,smcomishm5@amazon.co.jp,Male,Kultuk
799,Niels,Sheward,nshewardm6@oracle.com,Male,Pardesiyya
800,Tobe,Buske,tbuskem7@wix.com,Male,Luxia
801,Debby,Godly,dgodlym8@newyorker.com,Female,Opuwo
802,Jennie,Andrzejewski,jandrzejewskim9@sogou.com,Female,Tikhoretsk
803,Gordie,Klement,gklementma@nydailynews.com,Male,Fray Bentos
804,Bria,Luker,blukermb@livejournal.com,Female,Wierzchosławice
805,Humfrid,Turl,hturlmc@artisteer.com,Male,Tawau
806,Millard,Fliege,mfliegemd@edublogs.org,Male,Saint-Rémi
807,Rebekah,Barras,rbarrasme@amazonaws.com,Female,Tourcoing
808,Pasquale,Grishukhin,pgrishukhinmf@epa.gov,Male,Krasnyy Oktyabr’
809,Sylvan,Lathom,slathommg@harvard.edu,Male,Buritama
810,Linette,Northill,lnorthillmh@phpbb.com,Female,Sovetskaya Gavan’
811,Kaleb,Shone,kshonemi@buzzfeed.com,Male,Medeiros Neto
812,Mickey,Paaso,mpaasomj@barnesandnoble.com,Male,Ksour Essaf
813,Irita,Janway,ijanwaymk@smh.com.au,Female,Cheremshan
814,Grissel,Kittman,gkittmanml@pinterest.com,Female,Yuktae-dong
815,Judas,Tune,jtunemm@oaic.gov.au,Male,Zinder
816,Corabelle,Prestedge,cprestedgemn@shinystat.com,Female,Savannah
817,Karlie,Hainge,khaingemo@prweb.com,Female,Kagadi
818,Carree,Blything,cblythingmp@elpais.com,Female,Ústí nad Orlicí
819,Maxie,Kristufek,mkristufekmq@mozilla.org,Male,Nong Ki
820,Martie,Tessyman,mtessymanmr@sciencedaily.com,Male,San Miguel
821,Ellary,Vido,evidoms@cam.ac.uk,Male,Petrovskoye
822,Lynde,Dufer,ldufermt@domainmarket.com,Female,Guanshan
823,Sully,Witson,switsonmu@guardian.co.uk,Male,Santos Evos
824,Star,Soff,ssoffmv@ucla.edu,Female,Duluth
825,Tynan,Walrond,twalrondmw@craigslist.org,Male,Fenjie
826,Marika,Hedde,mheddemx@purevolume.com,Female,Jinrui
827,Eustacia,Jirka,ejirkamy@newsvine.com,Female,Hronov
828,Kennett,Thorowgood,kthorowgoodmz@hao123.com,Male,Jinbo
829,Darnall,Burtenshaw,dburtenshawn0@thetimes.co.uk,Male,Dengfang
830,Grace,Foltin,gfoltinn1@google.fr,Female,Irving
831,Joy,Pescott,jpescottn2@nytimes.com,Female,Kedungdoro
832,Hobie,Boullen,hboullenn3@psu.edu,Male,Manizales
833,Meggi,Mosson,mmossonn4@weebly.com,Female,Lipce Reymontowskie
834,Krisha,Enterlein,kenterleinn5@columbia.edu,Male,Firavitoba
835,Melissa,Granham,mgranhamn6@flavors.me,Female,Pasirbitung
836,Melamie,Guise,mguisen7@toplist.cz,Female,Urus-Martan
837,Prentice,Cromarty,pcromartyn8@seesaa.net,Male,Jatobá
838,Gibb,Cheshir,gcheshirn9@altervista.org,Male,Nishio
839,Midge,Boole,mboolena@goo.ne.jp,Female,Yipeng
840,Clarissa,Henrionot,chenrionotnb@sciencedaily.com,Female,Dunhao
841,Shelton,Montrose,smontrosenc@indiatimes.com,Male,Karangmulyo
842,Nataniel,Kelemen,nkelemennd@tumblr.com,Male,Canggou
843,Kingston,Bucky,kbuckyne@g.co,Male,Pátmos
844,Aubine,Torrent,atorrentnf@yahoo.com,Female,Haninge
845,Tod,Gillfillan,tgillfillanng@cargocollective.com,Male,Nizhniy Kurkuzhin
846,Ronny,Flello,rflellonh@ycombinator.com,Female,Staroyur’yevo
847,Gilbertina,Bollans,gbollansni@uiuc.edu,Female,Uherské Hradiště
848,Vidovic,Rawll,vrawllnj@cafepress.com,Male,Targuist
849,Michele,Shemelt,mshemeltnk@usnews.com,Male,Manjo
850,Woodrow,Akrigg,wakriggnl@dell.com,Male,Rustenburg
851,Taddeo,De Giorgio,tdegiorgionm@slashdot.org,Male,Wensu
852,Morgen,Antonowicz,mantonowicznn@cornell.edu,Male,Yerevan
853,Teddy,Firidolfi,tfiridolfino@tripadvisor.com,Male,Kladno
854,Thelma,Newitt,tnewittnp@storify.com,Female,Banjar Dukuh
855,Humfrey,Bucky,hbuckynq@nba.com,Male,Floresta
856,Estele,Greengrass,egreengrassnr@techcrunch.com,Female,Pimian
857,Patricio,Lednor,plednorns@disqus.com,Male,Descalvado
858,Sigvard,Peerman,speermannt@dropbox.com,Male,Jishu
859,Brock,Scates,bscatesnu@hp.com,Male,Santa Teresita
860,Cyndia,Hedingham,chedinghamnv@is.gd,Female,Kristiansand S
861,Rozele,Comberbach,rcomberbachnw@technorati.com,Female,Pevek
862,Mannie,Dauncey,mdaunceynx@aol.com,Male,Independencia
863,Thain,Magor,tmagorny@senate.gov,Male,Sidrolândia
864,Selestina,Kasparski,skasparskinz@joomla.org,Female,Marādah
865,Butch,Exley,bexleyo0@buzzfeed.com,Male,Mulhouse
866,Rowland,Coombe,rcoombeo1@google.it,Male,Ekpoma
867,Drona,Lukes,dlukeso2@bandcamp.com,Female,Villa Regina
868,Edmon,McCallum,emccallumo3@goodreads.com,Male,Hallsberg
869,Brocky,Samways,bsamwayso4@gov.uk,Male,Maluso
870,Judas,Cauley,jcauleyo5@hud.gov,Male,Cisoka
871,Vern,Fetters,vfetterso6@marketwatch.com,Male,Log pri Brezovici
872,Wain,Iskower,wiskowero7@wikispaces.com,Male,Valvedditturai
873,Harry,Grist,hgristo8@shareasale.com,Male,Shiojiri
874,Bearnard,Mudge,bmudgeo9@rambler.ru,Male,Bin’an
875,Anderea,Danby,adanbyoa@cloudflare.com,Female,Alīābad
876,Reeba,Carverhill,rcarverhillob@diigo.com,Female,Gongbuxue
877,Olivier,Possell,oposselloc@elpais.com,Male,Tanumshede
878,Bryanty,Myderscough,bmyderscoughod@cmu.edu,Male,Rozhdestveno
879,Mortie,Onslow,monslowoe@csmonitor.com,Male,Shuakhevi
880,Ailbert,Rothermel,arothermelof@time.com,Male,Hyesan-dong
881,Gustav,Mebes,gmebesog@home.pl,Male,Yukou
882,Venita,Pryell,vpryelloh@nature.com,Female,Palaífyto
883,Camey,De Dei,cdedeioi@jimdo.com,Male,Dolavón
884,Konstantine,Claxton,kclaxtonoj@google.ca,Male,Masebewa
885,Garv,Urlin,gurlinok@privacy.gov.au,Male,Dazu
886,Eb,Cookley,ecookleyol@reference.com,Male,Montfort-sur-Meu
887,Freddie,Stoad,fstoadom@w3.org,Male,Pasrukrajan Satu
888,Ann-marie,Currom,acurromon@rediff.com,Female,Carot
889,Pierce,Malthouse,pmalthouseoo@macromedia.com,Male,Vesëlyy
890,Nanci,Gabitis,ngabitisop@multiply.com,Female,Villa Verde
891,Zabrina,Colegrove,zcolegroveoq@4shared.com,Female,Maganha
892,Milton,Pimm,mpimmor@jimdo.com,Male,Shidu
893,Park,Willshear,pwillshearos@networksolutions.com,Male,Vinhas
894,Janaye,Marguerite,jmargueriteot@wisc.edu,Female,Jinshan
895,Brina,Scottesmoor,bscottesmoorou@lulu.com,Female,Wachira Barami
896,Heall,Merkel,hmerkelov@va.gov,Male,Pupiales
897,Libbie,Joseland,ljoselandow@elegantthemes.com,Female,Huzhen
898,Kristian,Guion,kguionox@google.com.hk,Male,La Rochelle
899,Barrett,Atcheson,batchesonoy@flickr.com,Male,Guaymango
900,Phip,Falla,pfallaoz@bing.com,Male,Bolondrón
901,Ross,Dykes,rdykesp0@home.pl,Male,Jukui
902,Verne,Nutter,vnutterp1@google.ru,Male,Viitasaari
903,Otho,Kloster,oklosterp2@ow.ly,Male,Meijiahe
904,Giusto,Babidge,gbabidgep3@harvard.edu,Male,Dongji
905,Niven,Prantoni,nprantonip4@ibm.com,Male,Saint John’s
906,Yasmin,Frohock,yfrohockp5@berkeley.edu,Female,Esperantina
907,Rosie,Bradane,rbradanep6@wunderground.com,Female,Flen
908,Katlin,Humber,khumberp7@alibaba.com,Female,Listvyanka
909,Gregorio,Scowen,gscowenp8@cnn.com,Male,Baolong
910,Dionne,Onyon,donyonp9@tripadvisor.com,Female,Byala Slatina
911,Jermayne,Weal,jwealpa@gravatar.com,Male,Karanganyar
912,Dore,Thwaite,dthwaitepb@amazon.de,Female,Hendaye
913,Cthrine,Keller,ckellerpc@aol.com,Female,Huolongmen
914,Bevan,Klimt,bklimtpd@bing.com,Male,Acli
915,Justen,Poundsford,jpoundsfordpe@marriott.com,Male,Raciążek
916,Kesley,Jerromes,kjerromespf@sbwire.com,Female,Dębno
917,Davey,Jacklin,djacklinpg@xrea.com,Male,Tojal
918,Izak,McDyer,imcdyerph@bandcamp.com,Male,Bangued
919,Eli,Soans,esoanspi@ebay.com,Male,Amboise
920,Honey,O'Kane,hokanepj@jiathis.com,Female,Concepción del Bermejo
921,Damara,Pepall,dpepallpk@comsenz.com,Female,Calango
922,Aila,Twydell,atwydellpl@about.com,Female,København
923,Jamaal,Kleinholz,jkleinholzpm@unblog.fr,Male,Onguday
924,Morten,Ginnety,mginnetypn@reverbnation.com,Male,Khryashchevka
925,Ode,Deppe,odeppepo@sakura.ne.jp,Male,Nikopol’
926,Rayner,Hayne,rhaynepp@bluehost.com,Male,Moville
927,Crysta,Cardow,ccardowpq@howstuffworks.com,Female,Rancasadang
928,Thorndike,Brixey,tbrixeypr@slashdot.org,Male,Chengdong
929,Leo,Fieldgate,lfieldgateps@list-manage.com,Male,Itápolis
930,Kevin,Meiklem,kmeiklempt@newyorker.com,Male,Kutamandarakan
931,Tiphani,Pollok,tpollokpu@odnoklassniki.ru,Female,Vakhrushi
932,Carrol,Budnk,cbudnkpv@nps.gov,Male,Weihai
933,Barrie,Hemphall,bhemphallpw@auda.org.au,Female,Shiqiaotou
934,Lavinie,Hlavecek,lhlavecekpx@icio.us,Female,Bahay Pare
935,Janela,Darinton,jdarintonpy@ucoz.com,Female,Yirshi
936,Carry,Rampley,crampleypz@dyndns.org,Female,Riit
937,Willi,Gyse,wgyseq0@samsung.com,Male,Tchaourou
938,Warren,Hymer,whymerq1@macromedia.com,Male,Toronto
939,Juli,Addison,jaddisonq2@engadget.com,Female,Toronto
940,Kym,Coales,kcoalesq3@fc2.com,Female,Mississauga
941,Robinette,Pawelek,rpawelekq4@ted.com,Female,Toronto
942,Marline,Frape,mfrapeq5@csmonitor.com,Female,Toronto
943,Tomas,Crossby,tcrossbyq6@illinois.edu,Male,Montreal
944,Brier,Wethered,bwetheredq7@paginegialle.it,Female,Mississauga
945,Edith,Yakubovics,eyakubovicsq8@sohu.com,Female,Toronto
946,Hagen,Guillon,hguillonq9@walmart.com,Male,Vancouver
947,Berni,Maciaszczyk,bmaciaszczykqa@ihg.com,Female,Winnipeg
948,Danya,Tranter,dtranterqb@wsj.com,Male,Mississauga
949,Norrie,McCutheon,nmccutheonqc@blogspot.com,Female,Edmonton
950,Basil,McMylor,bmcmylorqd@exblog.jp,Male,Toronto
951,Gay,Weddell,gweddellqe@amazon.co.jp,Female,Toronto
952,Allan,Carefull,acarefullqf@europa.eu,Male,Red Deer
953,Frederigo,De Carlo,fdecarloqg@bizjournals.com,Male,Toronto
954,Orlan,Birbeck,obirbeckqh@mail.ru,Male,Toronto
955,Margo,Pennetta,mpennettaqi@craigslist.org,Female,Montreal
956,Boycey,Dionisio,bdionisioqj@mit.edu,Male,Calgary
957,Carey,Martineau,cmartineauqk@goo.gl,Male,Toronto
958,Rolfe,Harrhy,rharrhyql@alexa.com,Male,Toronto
959,Franklyn,Spindler,fspindlerqm@yahoo.co.jp,Male,Toronto
960,Shelton,Quinevan,squinevanqn@ycombinator.com,Male,Mississauga
961,Daron,Doyland,ddoylandqo@yale.edu,Male,Toronto
962,Munmro,Scruby,mscrubyqp@meetup.com,Male,Toronto
963,Lincoln,Selburn,lselburnqq@hatena.ne.jp,Male,Mississauga
964,Rogerio,Pietzker,rpietzkerqr@fastcompany.com,Male,Toronto
965,Stephanus,Heinicke,sheinickeqs@businessinsider.com,Male,Vancouver
966,Kristan,Birkhead,kbirkheadqt@uiuc.edu,Female,Winnipeg
967,Ricki,Geillier,rgeillierqu@home.pl,Female,Mississauga
968,Clio,Frankland,cfranklandqv@mail.ru,Female,Edmonton
969,Ilsa,Cavey,icaveyqw@irs.gov,Female,Toronto
970,Kaiser,Hollindale,khollindaleqx@globo.com,Male,Toronto
971,Gabriella,Risen,grisenqy@upenn.edu,Female,Red Deer
972,Bethena,Haswell,bhaswellqz@cbc.ca,Female,Toronto
973,Anabella,Huton,ahutonr0@irs.gov,Female,Toronto
974,Emelia,Sayton,esaytonr1@pcworld.com,Female,Montreal
975,Dani,Youles,dyoulesr2@samsung.com,Male,Calgary
976,Papageno,Harrinson,pharrinsonr3@wired.com,Male,Toronto
977,Nicoli,Streeter,nstreeterr4@google.pl,Female,Toronto
978,Hilde,Petroff,hpetroffr5@ycombinator.com,Female,Toronto
979,Ara,Ashtonhurst,aashtonhurstr6@cyberchimps.com,Male,Mississauga
980,Bambi,Maciak,bmaciakr7@xinhuanet.com,Female,Toronto
981,Beaufort,Grills,bgrillsr8@surveymonkey.com,Male,Toronto
982,Timothee,Hoyles,thoylesr9@ucoz.ru,Male,Toronto
983,Sandor,Ciccoloi,sciccoloira@jalbum.net,Male,Toronto
984,Daryn,Jeste,djesterb@sakura.ne.jp,Female,Toronto
985,Fredericka,Costen,fcostenrc@cargocollective.com,Female,Mississauga
986,Clarisse,Mathevon,cmathevonrd@netlog.com,Female,Toronto
987,Tybie,Jozwik,tjozwikre@businesswire.com,Female,Toronto
988,Heindrick,Blenkinsopp,hblenkinsopprf@army.mil,Male,Montreal
989,Eileen,Weekly,eweeklyrg@thetimes.co.uk,Female,Mississauga
990,Cristabel,Mahody,cmahodyrh@edublogs.org,Female,Toronto
991,Loree,Benaine,lbenaineri@weather.com,Female,Vancouver
992,Conant,Burghall,cburghallrj@cnn.com,Male,Winnipeg
993,Homerus,Curnucke,hcurnuckerk@mozilla.org,Male,Mississauga
994,Napoleon,Doorbar,ndoorbarrl@soup.io,Male,Edmonton
995,Eda,Ordelt,eordeltrm@tinyurl.com,Female,Toronto
996,Selma,Rihanek,srihanekrn@jigsy.com,Female,Toronto
997,Chad,Hatherleigh,chatherleighro@dailymail.co.uk,Male,Red Deer
998,Amelita,Sabben,asabbenrp@ucoz.com,Female,Toronto
999,Reid,Echlin,rechlinrq@linkedin.com,Male,Toronto
1000,Kevin,Ennals,kennalsrr@columbia.edu,Male,Montreal
